﻿<?xml version="1.0" encoding="utf-8" ?>
<!-- Increment the version for each update. -->
<Manifest version="25">
  <!-- Your application will check for updates every (seconds) -->
  <CheckInterval>900</CheckInterval>

  <!-- The URI to the remote manifest -->
  <RemoteConfigUri>https://raw.githubusercontent.com/LeifErickson/DeploymentHelper/master/update.xml</RemoteConfigUri>

  <!-- This token must be the same at both ends to avoid tampering -->
  <SecurityToken>D68EF3A7-E787-4CC4-B020-878BA649B4CD</SecurityToken>
  <!-- All payload files are assumed to have this URI prefix. -->
  <BaseUri>https://raw.githubusercontent.com/LeifErickson/DeploymentHelper/master/</BaseUri>

  <!-- One or more files containing updates. -->
  <Payload>myapp.zip</Payload>
  <!-- One or more files requiring special handling as they are currently loaded in application memory -->
  <Special>ControlzEx.dll</Special>
  <Special>MahApps.Metro.dll</Special>
  <Special>System.Windows.Interactivity.dll</Special>
</Manifest>